method,t1_low_yield_auprc_5,t1_low_yield_auprc_5_ci_low,t1_low_yield_auprc_5_ci_high,t1_low_yield_auprc_10,t1_low_yield_auprc_10_ci_low,t1_low_yield_auprc_10_ci_high,t2_macro_auprc,t2_macro_auprc_ci_low,t2_macro_auprc_ci_high,t3_yield_mae,t3_yield_mae_ci_low,t3_yield_mae_ci_high,t3_spearman,t3_spearman_ci_low,t3_spearman_ci_high,t4_plate_ndcg,t4_plate_ndcg_ci_low,t4_plate_ndcg_ci_high,t5_condition_feasibility_auprc,t5_condition_feasibility_auprc_ci_low,t5_condition_feasibility_auprc_ci_high,ece,ece_ci_low,ece_ci_high,brier,brier_ci_low,brier_ci_high,family_macro_auprc,family_macro_auprc_ci_low,family_macro_auprc_ci_high,collision_sensitivity
positive_only,0.816316,0.726224,0.892754,0.862354,0.789872,0.918932,0.205852,0.206405,0.218704,40.276163,37.733919,43.413046,0.018877,-0.162355,0.23743,0.19566,0.169622,0.272618,0.203845,0.143114,0.3247,0.233358,0.161839,0.303064,0.22534,0.206332,0.245104,0.319377,0.241031,0.415982,0.0
tanimoto_baseline,0.76318,0.669079,0.856434,0.818899,0.730481,0.892252,0.202472,0.201607,0.219038,54.865157,41.585864,67.356719,0.129825,-0.054457,0.372224,0.196491,0.171094,0.272618,0.245727,0.15974,0.393154,0.162295,0.088237,0.254886,0.384625,0.250666,0.515262,0.333708,0.254971,0.461978,0.0
hard_label_pc_cng,0.708727,0.61986,0.821582,0.768699,0.684098,0.871454,0.224295,0.211664,0.29486,28.144851,17.809625,36.93424,0.264295,0.07661,0.46718,0.195232,0.171202,0.271286,0.371052,0.230508,0.561969,0.20591,0.126619,0.294497,0.208741,0.142879,0.275331,0.329941,0.253086,0.445199,0.0
risk_aware_pc_cng,0.700594,0.615026,0.811395,0.761135,0.675107,0.865304,0.227393,0.214021,0.298846,23.971002,14.085717,32.350942,0.300308,0.124314,0.480293,0.196609,0.172113,0.273318,0.389649,0.233706,0.595223,0.165054,0.094351,0.24772,0.189218,0.129958,0.25434,0.33391,0.253192,0.453478,0.0
observed_negative_upper_bound,0.688945,0.609536,0.794814,0.753567,0.67344,0.85403,0.2304,0.216997,0.297371,33.687291,22.4753,42.244149,0.339486,0.151722,0.507881,0.194829,0.168792,0.272632,0.421701,0.251229,0.586199,0.209006,0.135338,0.292427,0.209948,0.151413,0.270239,0.332849,0.249045,0.461884,0.0
