{
  "accuracy": 0.8571428571428571,
  "top1": 0.3333333333333333,
  "mrr": 0.6666666666666666,
  "ndcg": 0.7539531690476383,
  "groups": 3
}