{
  "task": "P3-01 pretrained backbone (Chemformer-LoRA)",
  "mean_mrr": 0.6125,
  "mrr": 0.6125,
  "aggregate_mrr": 0.6125,
  "std_mrr": 0.039969695152856054,
  "n_seeds": 10,
  "mrr_per_seed": [
    0.5892857142857143,
    0.5892857142857143,
    0.6071428571428571,
    0.625,
    0.6964285714285714,
    0.6428571428571429,
    0.625,
    0.5357142857142857,
    0.5892857142857143,
    0.625
  ],
  "mean_accuracy": 0.7368852459016394,
  "mean_auc": 0.6227868541033434,
  "gnn_baseline_mrr": 0.243,
  "delta_vs_gnn": 0.36950000000000005
}