{
  "n_seeds": 10,
  "seeds": [
    20260710,
    20260711,
    20260712,
    20260713,
    20260714,
    20260715,
    20260716,
    20260717,
    20260718,
    20260719
  ],
  "epochs": 5,
  "lr": 0.0001,
  "batch_size": 16,
  "uncertainty_weighting": true,
  "backbone_ckpt": "results/pretrained_backbone_chemformer_lora_20260720/seed20260710/model.pt",
  "tasks": {
    "retrosynthesis": {
      "metric": "accuracy",
      "multitask_mean": 0.7700819672131147,
      "multitask_std": 0.0012295081967212962,
      "singletask_mean": 0.7704918032786885,
      "singletask_std": 0.0,
      "multitask_per_seed": [
        0.7704918032786885,
        0.7704918032786885,
        0.7704918032786885,
        0.7704918032786885,
        0.7704918032786885,
        0.7704918032786885,
        0.7704918032786885,
        0.7704918032786885,
        0.7704918032786885,
        0.7663934426229508
      ],
      "singletask_per_seed": [
        0.7704918032786885,
        0.7704918032786885,
        0.7704918032786885,
        0.7704918032786885,
        0.7704918032786885,
        0.7704918032786885,
        0.7704918032786885,
        0.7704918032786885,
        0.7704918032786885,
        0.7704918032786885
      ],
      "paired_bootstrap_ci": {
        "mean_diff": -0.0004098360655737654,
        "ci_low": -0.0012295081967212962,
        "ci_high": 0.0,
        "p_value": 0.3396
      },
      "family_cluster_bootstrap_ci": {
        "mean_diff": -0.0004098360655737705,
        "ci_low": -0.0012295081967213116,
        "ci_high": 0.0,
        "p_value": 0.3626
      },
      "go": false
    },
    "condition": {
      "metric": "avg_top1",
      "multitask_mean": 0.7337915234822452,
      "multitask_std": 0.01921669367744398,
      "singletask_mean": 0.7468499427262314,
      "singletask_std": 0.0,
      "multitask_per_seed": [
        0.7021764032073311,
        0.6907216494845362,
        0.7468499427262314,
        0.7434135166093929,
        0.738831615120275,
        0.734249713631157,
        0.7468499427262314,
        0.7445589919816724,
        0.7434135166093929,
        0.7468499427262314
      ],
      "singletask_per_seed": [
        0.7468499427262314,
        0.7468499427262314,
        0.7468499427262314,
        0.7468499427262314,
        0.7468499427262314,
        0.7468499427262314,
        0.7468499427262314,
        0.7468499427262314,
        0.7468499427262314,
        0.7468499427262314
      ],
      "paired_bootstrap_ci": {
        "mean_diff": -0.01305841924398623,
        "ci_low": -0.02611683848797247,
        "ci_high": -0.0026345933562428314,
        "p_value": 9.999000099990002e-05
      },
      "family_cluster_bootstrap_ci": {
        "mean_diff": -0.00584192439862543,
        "ci_low": -0.01134020618556701,
        "ci_high": -0.001718213058419244,
        "p_value": 0.0001
      },
      "go": false
    },
    "yield": {
      "metric": "mae",
      "multitask_mean": 13.987705841775007,
      "multitask_std": 0.8278998869002139,
      "singletask_mean": 13.811082784768995,
      "singletask_std": 0.9798726842698541,
      "multitask_per_seed": [
        14.961566033932268,
        13.711006819222526,
        13.998623122068459,
        12.770932390743488,
        15.047523274610931,
        14.208788151025049,
        13.024197114219078,
        12.939891796924467,
        14.169944083244664,
        15.04458563175915
      ],
      "singletask_per_seed": [
        14.43624955982241,
        14.623118599065032,
        12.806723907755648,
        15.147507653679959,
        13.233857686007047,
        15.282561494920806,
        13.172989297925643,
        13.185852512732314,
        13.971131375633911,
        12.250835760147194
      ],
      "paired_bootstrap_ci": {
        "mean_diff": 0.1766230570060113,
        "ci_low": -0.6871592800054398,
        "ci_high": 1.0576351037745038,
        "p_value": 0.3449
      },
      "family_cluster_bootstrap_ci": {
        "mean_diff": 0.0,
        "ci_low": 0.0,
        "ci_high": 0.0,
        "p_value": 1.0
      },
      "go": false
    }
  }
}