{
  "task": "P3-06 multitask joint training",
  "n_seeds_completed": 9,
  "multitask_yield_rmse_mean": 20.903174675211435,
  "multitask_yield_rmse_std": 0.511070026270646,
  "singletask_yield_rmse_mean": 21.073952801044825,
  "singletask_yield_rmse_std": 0.7236642093357796,
  "multitask_condition_top1_mean": 0.7323405880106911,
  "multitask_condition_top1_std": 0.01972968412793249,
  "singletask_condition_top1_mean": 0.7468499427262314,
  "singletask_condition_top1_std": 0.0,
  "multitask_retro_mrr_mean": 1.0,
  "singletask_retro_mrr_mean": 1.0,
  "yield_rmse": 20.903174675211435,
  "test_rmse": 20.903174675211435,
  "rmse": 20.903174675211435,
  "status": "in_progress",
  "notes": "9/10 seeds completed",
  "decision": "review needed"
}