{
  "pc_cng_vs_rdkit_template": {
    "n_seeds": 10,
    "n_common_groups": 600,
    "metric": "mrr",
    "method_a": "rdkit_template",
    "method_b": "pc_cng",
    "method_a_mean": 0.25000396825396803,
    "method_b_mean": 0.5487499999999993,
    "delta_mean": 0.29874603174603187,
    "delta_pp": 29.874603174603187,
    "group_level_ci95_low": 0.2805161507936507,
    "group_level_ci95_high": 0.31706494047619044,
    "group_level_ci95_low_pp": 28.05161507936507,
    "group_level_ci95_high_pp": 31.706494047619042,
    "seed_level_ci95_low": 0.28470117063492084,
    "seed_level_ci95_high": 0.31294610119047633,
    "seed_level_ci95_low_pp": 28.470117063492083,
    "seed_level_ci95_high_pp": 31.294610119047633,
    "paired_permutation_p": 9.999000099990002e-05,
    "sign_test_p": 4.373754558595263e-163,
    "method_b_better_groups": 580,
    "method_a_better_groups": 6,
    "tie_groups": 14
  },
  "pc_cng_vs_heuristic_validator": {
    "n_seeds": 10,
    "n_common_groups": 600,
    "metric": "mrr",
    "method_a": "heuristic_validator",
    "method_b": "pc_cng",
    "method_a_mean": 0.2494484126984125,
    "method_b_mean": 0.5487499999999993,
    "delta_mean": 0.2993015873015875,
    "delta_pp": 29.93015873015875,
    "group_level_ci95_low": 0.28097263888888885,
    "group_level_ci95_high": 0.31741937499999967,
    "group_level_ci95_low_pp": 28.097263888888886,
    "group_level_ci95_high_pp": 31.741937499999967,
    "seed_level_ci95_low": 0.2854375595238097,
    "seed_level_ci95_high": 0.31348769841269863,
    "seed_level_ci95_low_pp": 28.543755952380973,
    "seed_level_ci95_high_pp": 31.348769841269863,
    "paired_permutation_p": 9.999000099990002e-05,
    "sign_test_p": 4.373754558595263e-163,
    "method_b_better_groups": 580,
    "method_a_better_groups": 6,
    "tie_groups": 14
  },
  "pc_cng_vs_tanimoto_nn": {
    "n_seeds": 10,
    "n_common_groups": 600,
    "metric": "mrr",
    "method_a": "tanimoto_nn",
    "method_b": "pc_cng",
    "method_a_mean": 0.6566666666666661,
    "method_b_mean": 0.5487499999999993,
    "delta_mean": -0.10791666666666662,
    "delta_pp": -10.791666666666663,
    "group_level_ci95_low": -0.13711944444444435,
    "group_level_ci95_high": -0.07911909722222214,
    "group_level_ci95_low_pp": -13.711944444444434,
    "group_level_ci95_high_pp": -7.911909722222214,
    "seed_level_ci95_low": -0.1217640972222222,
    "seed_level_ci95_high": -0.09350819444444436,
    "seed_level_ci95_low_pp": -12.17640972222222,
    "seed_level_ci95_high_pp": -9.350819444444436,
    "paired_permutation_p": 9.999000099990002e-05,
    "sign_test_p": 4.445883450921111e-12,
    "method_b_better_groups": 158,
    "method_a_better_groups": 307,
    "tie_groups": 135
  },
  "pc_cng_vs_chemformer_scorer": {
    "n_seeds": 10,
    "n_common_groups": 600,
    "metric": "mrr",
    "method_a": "chemformer_scorer",
    "method_b": "pc_cng",
    "method_a_mean": 0.33079206349206347,
    "method_b_mean": 0.5487499999999993,
    "delta_mean": 0.21795793650793666,
    "delta_pp": 21.795793650793666,
    "group_level_ci95_low": 0.1993261011904764,
    "group_level_ci95_high": 0.236781646825397,
    "group_level_ci95_low_pp": 19.932610119047638,
    "group_level_ci95_high_pp": 23.678164682539702,
    "seed_level_ci95_low": 0.20466348214285737,
    "seed_level_ci95_high": 0.23204614087301606,
    "seed_level_ci95_low_pp": 20.466348214285738,
    "seed_level_ci95_high_pp": 23.204614087301607,
    "paired_permutation_p": 9.999000099990002e-05,
    "sign_test_p": 3.890694704038133e-82,
    "method_b_better_groups": 507,
    "method_a_better_groups": 71,
    "tie_groups": 22
  }
}